{
  "192.168.86.131": {
    "correlation_score": 0.9961632004806464,
    "match_count": 8,
    "best_match": {
      "start_index": 8,
      "window": [
        0.17574548721313477,
        0.20893621444702148,
        0.25376152992248535,
        0.122772216796875,
        0.25235581398010254,
        0.19932341575622559,
        0.26446962356567383,
        0.26409459114074707,
        0.13965606689453125,
        0.1269693374633789,
        0.14718127250671387,
        0.2500765323638916,
        0.19363784790039062,
        0.19092416763305664,
        0.19331574440002441,
        2.064589738845825,
        2.1566476821899414,
        2.3631629943847656,
        1.7256827354431152,
        2.110894203186035,
        2.5262603759765625,
        2.0569632053375244,
        2.5488553047180176,
        2.910454511642456,
        2.670881509780884,
        2.885500431060791,
        1.6091749668121338,
        2.4492571353912354,
        1.7460997104644775,
        2.310696601867676,
        0.23218846321105957,
        0.18994784355163574,
        0.19390583038330078,
        0.14801406860351562,
        0.2316756248474121,
        0.20489263534545898,
        0.23035049438476562,
        0.2378554344177246,
        0.12247800827026367,
        0.1284182071685791,
        0.20622706413269043,
        0.18605566024780273,
        0.11445999145507812,
        0.15923261642456055,
        0.2555203437805176,
        2.1388144493103027,
        2.637925148010254,
        1.7704322338104248,
        1.7163512706756592,
        2.2130072116851807,
        2.522958755493164,
        2.6312437057495117,
        1.9342679977416992,
        1.8166372776031494,
        2.8096024990081787,
        2.1496291160583496,
        1.799288272857666,
        2.6062746047973633,
        2.0999467372894287,
        2.6513285636901855,
        0.23670601844787598,
        0.1118009090423584,
        0.14388346672058105,
        0.19944190979003906,
        0.1790761947631836,
        0.22469520568847656,
        0.1443924903869629,
        0.281583309173584,
        0.2981894016265869,
        0.2660059928894043,
        0.18504738807678223,
        0.16583943367004395,
        0.19708514213562012,
        0.1246345043182373,
        0.14785480499267578,
        2.085566520690918,
        2.196805238723755,
        1.604041576385498,
        2.7784712314605713,
        2.7807633876800537,
        3.2335214614868164,
        1.5261151790618896,
        2.099313259124756,
        1.9625635147094727,
        3.014322519302368,
        2.427527666091919,
        2.036654233932495,
        2.4716038703918457,
        2.955644130706787,
        2.6658008098602295,
        0.11286544799804688,
        0.2820453643798828,
        0.14242172241210938,
        0.281508207321167,
        0.22408509254455566,
        0.22471213340759277,
        0.1245875358581543,
        0.1771533489227295,
        0.15133047103881836,
        0.24381756782531738
      ],
      "correlation": 0.9961632004806464
    },
    "is_actual_target": true,
    "conclusion": 