{
  "192.168.86.131": {
    "correlation_score": 0.9962731829052783,
    "match_count": 7,
    "best_match": {
      "start_index": 11,
      "window": [
        0.18765926361083984,
        0.23569059371948242,
        0.11904692649841309,
        0.16340184211730957,
        0.17517924308776855,
        0.29413938522338867,
        0.1713860034942627,
        0.2433156967163086,
        0.16657304763793945,
        0.24904870986938477,
        0.2415318489074707,
        0.18326640129089355,
        0.16286444664001465,
        0.18454241752624512,
        0.1776108741760254,
        2.2755298614501953,
        1.399660587310791,
        1.6642577648162842,
        2.4737372398376465,
        1.9681050777435303,
        2.433408260345459,
        1.542553424835205,
        1.9656875133514404,
        2.5741188526153564,
        2.589587688446045,
        1.9804649353027344,
        1.8048455715179443,
        1.6126964092254639,
        2.446607828140259,
        0.18117332458496094,
        0.16739511489868164,
        0.24025750160217285,
        0.2583935260772705,
        0.14975237846374512,
        0.31882429122924805,
        0.2346339225769043,
        0.20783567428588867,
        0.3063485622406006,
        0.15273237228393555,
        0.22574162483215332,
        0.28832340240478516,
        0.11478424072265625,
        0.24500393867492676,
        0.2684774398803711,
        2.7557990550994873,
        2.144974946975708,
        3.0367720127105713,
        1.7647430896759033,
        2.8629462718963623,
        1.416611671447754,
        2.2487967014312744,
        2.2932941913604736,
        2.7156715393066406,
        1.6966419219970703,
        2.399029016494751,
        2.921689987182617,
        2.375066041946411,
        2.302039384841919,
        0.17557263374328613,
        0.2732877731323242,
        0.21831274032592773,
        0.2786712646484375,
        0.15592527389526367,
        0.14959120750427246,
        0.1611931324005127,
        0.2691316604614258,
        0.188185453414917,
        0.19530582427978516,
        0.20783543586730957,
        0.17902779579162598,
        0.1415257453918457,
        0.24633359909057617,
        0.1947648525238037,
        2.137540578842163,
        2.3107686042785645,
        1.7118234634399414,
        2.734980821609497,
        1.789339542388916,
        2.896186351776123,
        2.7235732078552246,
        2.6235649585723877,
        1.8182041645050049,
        2.5217952728271484,
        2.578054904937744,
        1.8182387351989746,
        2.1455488204956055,
        2.1331253051757812,
        0.13077449798583984,
        0.13819360733032227,
        0.29212045669555664,
        0.265164852142334,
        0.15760064125061035,
        0.11200666427612305,
        0.2494800090789795,
        0.22611021995544434,
        0.1555631160736084,
        0.2693202495574951,
        0.1688528060913086,
        0.14389634132385254,
        0.2825779914855957
      ],
      "correlation": 0.9962731829052783
    },
    "is_actual_target": true,
    "conclusion": 