{
  "192.168.86.131": {
    "correlation_score": 0.9966570501211867,
    "match_count": 3,
    "best_match": {
      "start_index": 4,
      "window": [
        0.19134187698364258,
        0.10787105560302734,
        0.19164085388183594,
        0.2586395740509033,
        0.22483062744140625,
        0.16658711433410645,
        0.25775671005249023,
        0.21859955787658691,
        0.10715317726135254,
        0.2478177547454834,
        2.0421483516693115,
        1.9263741970062256,
        2.9073128700256348,
        1.8600549697875977,
        1.6230852603912354,
        1.7982947826385498,
        0.12097477912902832,
        0.10363888740539551,
        0.1636214256286621,
        0.23902249336242676,
        0.21239209175109863,
        0.26158976554870605,
        0.1274433135986328,
        0.18902921676635742,
        0.12704849243164062,
        0.15244817733764648,
        2.1009278297424316,
        2.1722183227539062,
        2.7488787174224854,
        2.427677869796753,
        1.7535581588745117,
        2.8547866344451904,
        0.2585916519165039,
        0.2774214744567871,
        0.20720314979553223,
        0.12851524353027344,
        0.1368563175201416,
        0.1305088996887207,
        0.2293839454650879,
        0.10568618774414062,
        0.22115612030029297,
        0.14267206192016602,
        1.530641794204712,
        2.778965711593628,
        1.8206596374511719,
        1.801865816116333,
        2.5611653327941895,
        2.297790765762329,
        0.16376233100891113,
        0.20331788063049316,
        0.12032246589660645,
        0.20993971824645996,
        0.2702798843383789,
        0.27235984802246094,
        0.13020992279052734,
        0.24619674682617188,
        0.11430621147155762,
        0.16991853713989258,
        2.0192790031433105,
        1.9181759357452393,
        1.472249984741211,
        2.3104658126831055,
        2.328281879425049,
        2.155240297317505,
        0.2497100830078125,
        0.2667059898376465,
        0.15476608276367188,
        0.16053390502929688,
        0.1827864646911621,
        0.15683293342590332,
        0.23449015617370605,
        0.14635705947875977,
        0.15392518043518066,
        0.11435890197753906,
        1.5186595916748047,
        2.1715381145477295,
        1.667428731918335,
        1.4887175559997559,
        2.252131462097168,
        2.2316105365753174,
        0.12296438217163086,
        0.2245957851409912,
        0.1349189281463623,
        0.1363227367401123,
        0.2827565670013428,
        0.11139321327209473,
        0.16418218612670898,
        0.23290061950683594,
        0.1900017261505127,
        0.27874207496643066,
        2.660632371902466,
        1.6502914428710938,
        2.7922415733337402,
        2.6793618202209473,
        1.6872427463531494,
        1.78682279586792,
        0.1435706615447998,
        0.19265532493591309,
        0.15864777565002441,
        0.2598447799682617
      ],
      "correlation": 0.9966570501211867
    },
    "is_actual_target": true,
    "conclusion": 