{
  "192.168.1.1": {
    "correlation_score": 0.9967682698999853,
    "match_count": 5,
    "best_match": {
      "start_index": 7,
      "window": [
        0.20747089385986328,
        0.17220854759216309,
        0.2249927520751953,
        0.13950133323669434,
        0.2229747772216797,
        0.11958932876586914,
        0.1540358066558838,
        0.18656516075134277,
        0.18073773384094238,
        0.1284494400024414,
        0.16267156600952148,
        0.25368285179138184,
        1.523998498916626,
        2.132509708404541,
        1.7393105030059814,
        2.438673734664917,
        2.183983087539673,
        2.215348720550537,
        2.370943784713745,
        1.7307193279266357,
        2.413268566131592,
        2.2958364486694336,
        0.23617339134216309,
        0.2499094009399414,
        0.2728550434112549,
        0.09619975090026855,
        0.161576509475708,
        0.25824999809265137,
        0.15872693061828613,
        0.17914676666259766,
        0.25795555114746094,
        0.13718318939208984,
        0.11295437812805176,
        0.11049103736877441,
        2.0074071884155273,
        2.4062414169311523,
        2.4394190311431885,
        2.5747897624969482,
        2.175628662109375,
        2.690196990966797,
        2.042632818222046,
        2.230257987976074,
        2.671774387359619,
        2.4191341400146484,
        0.1489572525024414,
        0.12748217582702637,
        0.15478873252868652,
        0.15352177619934082,
        0.10065793991088867,
        0.19498276710510254,
        0.14998674392700195,
        0.2131650447845459,
        0.2812840938568115,
        0.13873505592346191,
        0.19083905220031738,
        0.22300291061401367,
        2.4855830669403076,
        2.56752347946167,
        2.8959100246429443,
        2.7449567317962646,
        2.634770154953003,
        1.9334659576416016,
        2.9733846187591553,
        2.8575189113616943,
        1.7420294284820557,
        2.5307438373565674,
        0.12357854843139648,
        0.2695765495300293,
        0.16558623313903809,
        0.15919852256774902,
        0.13253498077392578,
        0.24123454093933105,
        0.2890019416809082,
        0.21187996864318848,
        0.23743343353271484,
        0.11446261405944824,
        0.21642303466796875,
        0.28984570503234863,
        3.0209298133850098,
        1.9095726013183594,
        1.870887041091919,
        1.9036834239959717,
        2.4477832317352295,
        2.294144630432129,
        3.2474923133850098,
        3.1251394748687744,
        3.0395917892456055,
        2.2256829738616943,
        0.1003260612487793,
        0.19205880165100098,
        0.12567353248596191,
        0.25614118576049805,
        0.23543477058410645,
        0.15554475784301758,
        0.22186613082885742,
        0.17783236503601074,
        0.16746950149536133,
        0.17262864112854004,
        0.19345426559448242,
        0.2372884750366211
      ],
      "correlation": 0.9967682698999853
    },
    "is_actual_target": false,
    "conclusion": 